1,Dannye Jarrad,djarrad0@dagondesign.com
2,Durante Flatman,dflatman1@youtu.be
3,Ewell Duncan,educaen2@ucla.edu
4,Jacobo Bamber,jbamber3@omniture.com
5,Leighton Michel,lmichel4@e-recht24.de
6,Jens MacNaughton,jmacnaughton5@chicagotribune.com
7,Ulysses Robbs,urobbs6@e-recht24.de
8,Stormy Creevy,screevy7@economist.com
9,Mariejeanne Pickburn,mpickburn8@hexun.com
10,Farrel Groucutt,fgroucutt9@alexa.com
11,Gweneth Littell,glittella@salon.com
12,Durante Flatman,dflatman1@youtu.be
13,Ewell Duncan,educaen2@ucla.edu
14,Jacobo Bamber,jbamber3@omniture.com
15,Taddeusz Lippingwell,tlippingwelle@scribd.com
16,Michelina Gearing,mgearingf@de.vu
17,Peggie Lawless,plawlessg@elpais.com
18,Brnaby Houlworth,bhoulworthh@indiatimes.com
19,Marta Percifer,mperciferi@apache.org
20,Durante Flatman,dflatman1@youtu.be
21,Durante Flatman,dflatman1@youtu.be
22,Durante Flatman,dflatman1@youtu.be
23,Ewell Duncan,educaen2@ucla.edu
24,Jacobo Bamber,jbamber3@omniture.com
25,Durante Flatman,dflatman1@youtu.be
26,Durante Flatman,dflatman1@youtu.be
27,Durante Flatman,dflatman1@youtu.be
28,Durante Flatman,dflatman1@youtu.be
29,Durante Flatman,dflatman1@youtu.be
30,Ewell Duncan,educaen2@ucla.edu
31,Ewell Duncan,educaen2@ucla.edu
32,Ewell Duncan,educaen2@ucla.edu
33,Ewell Duncan,educaen2@ucla.edu
34,Jacobo Bamber,jbamber3@omniture.com
35,Ewell Duncan,educaen2@ucla.edu
36,Ewell Duncan,educaen2@ucla.edu
37,Ewell Duncan,educaen2@ucla.edu
38,Ewell Duncan,educaen2@ucla.edu
39,Ewell Duncan,educaen2@ucla.edu
40,Jacobo Bamber,jbamber3@omniture.com
41,Jacobo Bamber,jbamber3@omniture.com
42,Jacobo Bamber,jbamber3@omniture.com
43,Jacobo Bamber,jbamber3@omniture.com
44,Jacobo Bamber,jbamber3@omniture.com
45,Jacobo Bamber,jbamber3@omniture.com
46,Jacobo Bamber,jbamber3@omniture.com
47,Jacobo Bamber,jbamber3@omniture.com
48,Jacobo Bamber,jbamber3@omniture.com
49,Jacobo Bamber,jbamber3@omniture.com
50,Mariann Harness,mharness1d@jugem.jp
51,Erin Breston,ebreston1e@salon.com
52,Durante Flatman,dflatman1@youtu.be
53,Ewell Duncan,educaen2@ucla.edu
54,Jacobo Bamber,jbamber3@omniture.com
55,Veda Sweeting,vsweeting1i@npr.org
56,Wolfie Shelp,wshelp1j@istockphoto.com
57,Joby Bartozzi,jbartozzi1k@google.co.jp
58,Kacey Jilliss,kjilliss1l@smh.com.au
59,Neel Sabbatier,nsabbatier1m@usatoday.com
60,Erich Devereux,edevereux1n@networkadvertising.org
61,Justen Rollinson,jrollinson1o@arizona.edu
62,Durante Flatman,dflatman1@youtu.be
63,Ewell Duncan,educaen2@ucla.edu
64,Jacobo Bamber,jbamber3@omniture.com
65,Lauri Schaben,lschaben1s@dell.com
66,Jenine Mechic,jmechic1t@webs.com
67,Zolly Lea,zlea1u@woothemes.com
68,Guillermo McElrath,gmcelrath1v@paypal.com
69,Tiffi Llewhellin,tllewhellin1w@ask.com
70,Marvin Girardey,mgirardey1x@w3.org
71,Georgianna Adamiec,gadamiec1y@wikispaces.com
72,Durante Flatman,dflatman1@youtu.be
73,Ewell Duncan,educaen2@ucla.edu
74,Jacobo Bamber,jbamber3@omniture.com
75,Kerk Wilfling,kwilfling22@people.com.cn
76,Bren McWaters,bmcwaters23@constantcontact.com
77,Irvine Keller,ikeller24@yandex.ru
78,Myranda Hammerman,mhammerman25@ihg.com
79,Liva Stacey,lstacey26@cisco.com
80,Camille Benois,cbenois27@feedburner.com
81,Jasmina Reinbach,jreinbach28@businessinsider.com
82,Durante Flatman,dflatman1@youtu.be
83,Ewell Duncan,educaen2@ucla.edu
84,Jacobo Bamber,jbamber3@omniture.com
85,Evvie Backshaw,ebackshaw2c@plala.or.jp
86,Aryn Deuss,adeuss2d@army.mil
87,Yule Ewers,yewers2e@wikipedia.org
88,Willard Adamovich,wadamovich2f@mapquest.com
89,Dulsea Teulier,dteulier2g@webmd.com
90,Joey Polley,jpolley2h@fotki.com
91,Carree Kirby,ckirby2i@furl.net
92,Durante Flatman,dflatman1@youtu.be
93,Ewell Duncan,educaen2@ucla.edu
94,Jacobo Bamber,jbamber3@omniture.com
95,Adham Shafto,ashafto2m@msu.edu
96,Yardley Ogles,yogles2n@marketwatch.com
97,Isabel Espinas,iespinas2o@zimbio.com
98,Esta Mingotti,emingotti2p@livejournal.com
99,Marlowe Walicki,mwalicki2q@zdnet.com
100,Evaleen Boyle,eboyle2r@yellowpages.com
101,TestUser,nomore@email.com
